point_id,complete,git_commit,experiment,arrival,variant,run,request_rate,max_concurrency,completed,failed,latency_sample_requests,request_throughput_rps,input_throughput_tps,output_throughput_tps,total_throughput_tps,ttft_p50_ms,ttft_p99_ms,tpot_p50_ms,tpot_p99_ms,burst_itl_p50_ms,burst_itl_p99_ms,output_event_latency_p50_ms,output_event_latency_p99_ms,speculative_step_latency_p50_ms,speculative_step_latency_p99_ms,e2e_p50_ms,e2e_p99_ms,acceptance_rate,acceptance_length,scheduled_batch_size_mean,waiting_queue_size_p99,running_queue_size_p99,goodput_rps,speculative_batch_size_mean,cuda_graph_captured_graphs,cuda_graph_replays,pd_prefill_roundtrip_mean_ms,pd_prefill_admit_mean_ms,pd_prefill_handoff_path_mean_ms,pd_prefill_worker_mean_ms,pd_prefill_model_forward_mean_ms,pd_prefill_kv_export_copy_mean_ms,pd_prefill_parent_overhead_mean_ms,pd_prefill_command_queue_mean_ms,pd_prefill_response_queue_mean_ms,pd_decode_command_queue_mean_ms,pd_decode_worker_admit_mean_ms,pd_decode_response_queue_mean_ms,pd_prefill_forward_calls_mean,kv_total_blocks,kv_peak_reserved_blocks,kv_preemptions,kv_admission_deferrals,kv_cache_gib,model_runtime_gib,short_ttft_p50_ms,short_ttft_p99_ms,short_tpot_p50_ms,short_tpot_p99_ms,short_e2e_p50_ms,short_e2e_p99_ms,long_ttft_p50_ms,long_ttft_p99_ms,long_tpot_p50_ms,long_tpot_p99_ms,long_e2e_p50_ms,long_e2e_p99_ms
pd-collocated-closed-loop-collocated-bf16-graph-concurrency-16-r1,True,ae740739d25f7184c04208f35dcf1b720e624f2a,pd-collocated-closed-loop,closed-loop,collocated-bf16-graph,0,,16,512.0,0.0,496.0,8.533333333333333,1092.2666666666667,538.4,1630.6666666666667,366.3674108684063,547.0961667597294,24.66165893785064,27.696824529104763,22.52813335508108,23.59078824520111,22.52813335508108,23.59078824520111,,,1887.7041656523943,2017.2859519720078,,,15.758048780487805,8.0,16.0,8.266666666666667,,12.0,3024.0,,,,,,,,,,,,,,155.0,0.0,0.0,0.0,5.44921875,15.275964736938477,,,,,,,,,,,,
pd-collocated-closed-loop-pd-b4-shared-graph-concurrency-16-r1,True,ae740739d25f7184c04208f35dcf1b720e624f2a,pd-collocated-closed-loop,closed-loop,pd-b4-shared-graph,0,,16,608.0,0.0,592.0,10.133333333333333,1297.0666666666666,648.8,1945.8666666666666,139.33234941214323,143.3020392432809,22.71082627749632,23.289099573970788,22.572986781597137,26.721715927124023,22.572986781597137,26.721715927124023,,,1569.2179668694735,1609.2328411526978,,,14.609226077011057,0.0,16.0,9.866666666666667,,12.0,3876.0,147.50801065903423,1.174685129496668,1.1959515645035677,126.21031938553122,122.23519119600367,3.8179009820201566,21.297691273503006,0.27169724593737293,4.518994670693895,0.2754694349797709,0.8266422664746642,0.06023939931765199,1.0,155.0,0.0,0.0,0.0,5.44921875,15.275964736938477,,,,,,,,,,,,
pd-collocated-closed-loop-collocated-bf16-graph-concurrency-16-r2,True,ae740739d25f7184c04208f35dcf1b720e624f2a,pd-collocated-closed-loop,closed-loop,collocated-bf16-graph,1,,16,464.0,0.0,448.0,7.733333333333333,989.8666666666667,498.93333333333334,1488.8,386.5806655958295,598.5289203003048,25.32468620865118,29.144921620923377,24.0416768938303,24.692926555871964,24.0416768938303,24.692926555871964,,,2098.8401351496577,2134.6250573545694,,,15.75578947368421,8.0,16.0,7.466666666666667,,12.0,2835.0,,,,,,,,,,,,,,155.0,0.0,0.0,0.0,5.44921875,15.275964736938477,,,,,,,,,,,,
pd-collocated-closed-loop-pd-b4-shared-graph-concurrency-16-r2,True,ae740739d25f7184c04208f35dcf1b720e624f2a,pd-collocated-closed-loop,closed-loop,pd-b4-shared-graph,1,,16,608.0,0.0,592.0,10.133333333333333,1297.0666666666666,642.6666666666666,1939.7333333333333,140.76688885688782,144.9920260719955,22.98570817543401,23.53496052324772,22.83462230116129,27.071764692664146,22.83462230116129,27.071764692664146,,,1587.802336551249,1625.5954774469137,,,14.596923076923076,0.0,16.0,9.866666666666667,,12.0,3876.0,148.44832082079458,1.1961848524931287,1.2197893146159393,126.16383476415649,122.24280292035213,3.7811343458348086,22.284486056638084,0.27449853951111436,4.452748107723892,0.28946416984711376,0.832589077098029,0.0614511248256479,1.0,155.0,0.0,0.0,0.0,5.44921875,15.275964736938477,,,,,,,,,,,,
pd-collocated-closed-loop-collocated-bf16-graph-concurrency-16-r3,True,ae740739d25f7184c04208f35dcf1b720e624f2a,pd-collocated-closed-loop,closed-loop,collocated-bf16-graph,2,,16,480.0,0.0,464.0,8.0,1024.0,507.2,1531.2,383.1134643405676,583.0812585167587,25.102530783485797,28.597111769375346,23.47294893115759,24.369345977902412,23.47294893115759,24.369345977902412,,,2033.4784695878625,2090.9970273263752,,,15.751552795031056,8.0,16.0,7.733333333333333,,12.0,2898.0,,,,,,,,,,,,,,155.0,0.0,0.0,0.0,5.44921875,15.275964736938477,,,,,,,,,,,,
pd-collocated-closed-loop-pd-b4-shared-graph-concurrency-16-r3,True,ae740739d25f7184c04208f35dcf1b720e624f2a,pd-collocated-closed-loop,closed-loop,pd-b4-shared-graph,2,,16,608.0,0.0,592.0,10.133333333333333,1297.0666666666666,642.6666666666666,1939.7333333333333,140.72967879474163,144.71313539892435,22.991145310539103,23.539226480892726,22.84504473209381,27.055876329541206,22.84504473209381,27.055876329541206,,,1587.3845433816314,1626.5033111535013,,,14.596923076923076,0.0,16.0,9.866666666666667,,12.0,3876.0,148.3276451887962,1.1465346740026559,1.1674279812723398,126.13984746193248,122.20042101606461,3.7966450659691224,22.187797726863728,0.25216691262487856,4.50325570169038,0.26738084852695465,0.8039270843645292,0.06278613415945854,1.0,155.0,0.0,0.0,0.0,5.44921875,15.275964736938477,,,,,,,,,,,,
pd-collocated-closed-loop-collocated-bf16-graph-concurrency-32-r1,True,ae740739d25f7184c04208f35dcf1b720e624f2a,pd-collocated-closed-loop,closed-loop,collocated-bf16-graph,0,,32,736.0,0.0,704.0,12.266666666666667,1570.1333333333334,776.0,2346.133333333333,633.9344391599298,1110.7276577129958,31.032247897533196,38.882496628969434,25.061309337615967,289.97758217155933,25.061309337615967,289.97758217155933,,,2639.126630499959,2728.6075881123543,,,30.551181102362204,24.0,32.0,11.733333333333333,,12.0,2205.0,,,,,,,,,,,,,,155.0,0.0,0.0,0.0,5.44921875,15.275964736938477,,,,,,,,,,,,
pd-collocated-closed-loop-pd-b4-shared-graph-concurrency-32-r1,True,ae740739d25f7184c04208f35dcf1b720e624f2a,pd-collocated-closed-loop,closed-loop,pd-b4-shared-graph,0,,32,1096.0,0.0,1064.0,18.266666666666666,2338.133333333333,1177.8666666666666,3516.0,132.69516360014677,152.40071827545762,25.423253398566022,26.39330413695129,25.141684338450432,29.596643522381783,25.141684338450432,29.596643522381783,,,1734.4018826261163,1794.6994087845085,,,29.47966101694915,4.0,32.0,17.733333333333334,,12.0,3531.0,136.5973815349314,1.1781991696825214,1.196405183816073,124.9035064213197,120.99193091339924,3.7834530869754506,11.693875113611712,0.23653428526777848,2.6005555775162637,0.2841287858638109,0.8160847321371821,0.06562770873892541,1.0,155.0,0.0,0.0,0.0,5.44921875,15.275964736938477,,,,,,,,,,,,
pd-collocated-closed-loop-collocated-bf16-graph-concurrency-32-r2,True,ae740739d25f7184c04208f35dcf1b720e624f2a,pd-collocated-closed-loop,closed-loop,collocated-bf16-graph,1,,32,736.0,0.0,704.0,12.266666666666667,1570.1333333333334,774.4,2344.5333333333333,632.1097444742918,1104.2937779426575,31.025979993125752,38.68693467377433,25.105319917201996,290.5148956924677,25.105319917201996,290.5148956924677,,,2641.933168284595,2714.516349285841,,,30.548323471400394,24.0,32.0,11.733333333333333,,12.0,2205.0,,,,,,,,,,,,,,155.0,0.0,0.0,0.0,5.44921875,15.275964736938477,,,,,,,,,,,,
pd-collocated-closed-loop-pd-b4-shared-graph-concurrency-32-r2,True,ae740739d25f7184c04208f35dcf1b720e624f2a,pd-collocated-closed-loop,closed-loop,pd-b4-shared-graph,1,,32,1096.0,0.0,1064.0,18.266666666666666,2338.133333333333,1179.4,3517.5333333333333,132.3195043951273,150.93295549973845,25.413682935611597,26.39458766443625,25.141285732388496,29.62539717555046,25.141285732388496,29.62539717555046,,,1729.8742225393653,1794.5220118016002,,,29.506141465480727,4.0,32.0,17.733333333333334,,12.0,3527.0,136.50737555387119,1.186665330155223,1.2104043682270191,124.78526096845813,120.89640583258634,3.7616863709819666,11.722114585413069,0.24156072907441972,2.5744143252571425,0.28798988490712407,0.8206247790333103,0.0654971637927434,1.0,155.0,0.0,0.0,0.0,5.44921875,15.275964736938477,,,,,,,,,,,,
pd-collocated-closed-loop-collocated-bf16-graph-concurrency-32-r3,True,ae740739d25f7184c04208f35dcf1b720e624f2a,pd-collocated-closed-loop,closed-loop,collocated-bf16-graph,2,,32,736.0,0.0,704.0,12.266666666666667,1570.1333333333334,785.0666666666667,2355.2,626.9939858466387,1086.0159948840737,30.855800764309983,38.29907758693611,24.96010810136795,286.7842372506857,24.96010810136795,286.7842372506857,,,2619.389067403972,2684.038924872875,,,30.567164179104477,24.0,32.0,11.733333333333333,,12.0,2205.0,,,,,,,,,,,,,,155.0,0.0,0.0,0.0,5.44921875,15.275964736938477,,,,,,,,,,,,
pd-collocated-closed-loop-pd-b4-shared-graph-concurrency-32-r3,True,ae740739d25f7184c04208f35dcf1b720e624f2a,pd-collocated-closed-loop,closed-loop,pd-b4-shared-graph,2,,32,1096.0,0.0,1064.0,18.266666666666666,2338.133333333333,1177.4,3515.5333333333333,130.9837717562914,172.81655192375183,25.46610573809298,26.49646115208429,25.195231661200523,29.608439654111862,25.195231661200523,29.608439654111862,,,1737.8434222191572,1802.1270221285524,,,29.505303351718286,4.0,32.0,17.733333333333334,,12.0,3529.0,138.68689906838185,1.2241656955915923,1.2431516786854642,125.180576170119,121.22989577862124,3.791593804992005,13.506322898262857,0.2627056502901456,2.58013701486383,0.2885350738378132,0.8510229652564899,0.07163699460672397,1.0,155.0,0.0,0.0,0.0,5.44921875,15.275964736938477,,,,,,,,,,,,
pd-collocated-closed-loop-collocated-bf16-graph-concurrency-48-r1,True,ae740739d25f7184c04208f35dcf1b720e624f2a,pd-collocated-closed-loop,closed-loop,collocated-bf16-graph,0,,48,816.0,0.0,768.0,13.6,1740.8,871.2,2612.0,854.9026781693101,1520.4368908517065,41.786485913372225,52.89227217731495,32.58564695715904,519.9294667690992,32.58564695715904,519.9294667690992,,,3560.0603269413114,3594.8655119910836,,,44.524701873935264,40.0,48.0,12.8,,12.0,1638.0,,,,,,,,,,,,,,155.0,0.0,0.0,0.0,5.44921875,15.275964736938477,,,,,,,,,,,,
pd-collocated-closed-loop-pd-b4-shared-graph-concurrency-48-r1,True,ae740739d25f7184c04208f35dcf1b720e624f2a,pd-collocated-closed-loop,closed-loop,pd-b4-shared-graph,0,,48,1304.0,0.0,1256.0,21.733333333333334,2781.866666666667,1386.9333333333334,4168.8,132.62302987277508,140.1484850794077,33.327719226243005,34.49075518116828,32.7715203166008,37.37129457294941,32.7715203166008,37.37129457294941,,,2233.1928610801697,2311.833835951984,,,45.13278236914601,0.0,48.0,20.933333333333334,,12.0,2778.0,137.26477392033172,1.1289011142810677,1.1461375687470652,124.80045276322237,120.86365979410125,3.8009949082148418,12.464321157109344,0.22459070776960977,2.242969203387759,0.2584210117903266,0.7953662578583744,0.0625692323279479,1.0,155.0,0.0,0.0,0.0,5.44921875,15.275964736938477,,,,,,,,,,,,
pd-collocated-closed-loop-collocated-bf16-graph-concurrency-48-r2,True,ae740739d25f7184c04208f35dcf1b720e624f2a,pd-collocated-closed-loop,closed-loop,collocated-bf16-graph,1,,48,816.0,0.0,768.0,13.6,1740.8,880.0,2620.8,854.2625224217772,1513.7403929047287,41.44858594037711,52.52214416122389,32.164208590984344,514.5796500146389,32.164208590984344,514.5796500146389,,,3534.674043767154,3566.190420817584,,,44.55696202531646,40.0,48.0,12.8,,12.0,1638.0,,,,,,,,,,,,,,155.0,0.0,0.0,0.0,5.44921875,15.275964736938477,,,,,,,,,,,,
pd-collocated-closed-loop-pd-b4-shared-graph-concurrency-48-r2,True,ae740739d25f7184c04208f35dcf1b720e624f2a,pd-collocated-closed-loop,closed-loop,pd-b4-shared-graph,1,,48,1304.0,0.0,1256.0,21.733333333333334,2781.866666666667,1388.4666666666667,4170.333333333333,133.8412594050169,158.2355597987771,33.32917497212451,34.41398087149811,32.74273872375488,37.42624819278717,32.74273872375488,37.42624819278717,,,2233.7141996249557,2306.4248280599713,,,45.10891089108911,0.0,48.0,20.933333333333334,,12.0,2780.0,138.1108784442576,1.1216627832486796,1.1354793828946572,125.05455586078114,121.11345657488569,3.797135948215002,13.056322583476456,0.22995066081668125,2.2543188828377074,0.2555539218302617,0.7927151810791757,0.06102892443721677,1.0,155.0,0.0,0.0,0.0,5.44921875,15.275964736938477,,,,,,,,,,,,
pd-collocated-closed-loop-collocated-bf16-graph-concurrency-48-r3,True,ae740739d25f7184c04208f35dcf1b720e624f2a,pd-collocated-closed-loop,closed-loop,collocated-bf16-graph,2,,48,816.0,0.0,768.0,13.6,1740.8,883.2,2624.0,853.221776895225,1513.4675647877157,41.44708680668993,52.51118214032243,32.079038210213184,508.78480821847916,32.079038210213184,508.78480821847916,,,3523.761403746903,3565.7903909683223,,,44.56854499579479,40.0,48.0,12.8,,12.0,1638.0,,,,,,,,,,,,,,155.0,0.0,0.0,0.0,5.44921875,15.275964736938477,,,,,,,,,,,,
pd-collocated-closed-loop-pd-b4-shared-graph-concurrency-48-r3,True,ae740739d25f7184c04208f35dcf1b720e624f2a,pd-collocated-closed-loop,closed-loop,pd-b4-shared-graph,2,,48,1296.0,0.0,1248.0,21.6,2764.8,1379.2,4144.0,133.54672025889158,140.97849590703842,33.40941355637615,34.82655582210374,32.99548849463463,37.63204626739025,32.99548849463463,37.63204626739025,,,2239.5429350435734,2334.5541651174426,,,45.13019390581717,0.0,48.0,20.8,,12.0,2758.0,136.1774779848508,1.1463120140997338,1.1596422650166287,124.88033938460237,120.92019984698739,3.817478217923444,11.297138600248443,0.24562941340744987,2.2634058067005527,0.26575346623570467,0.8050505887747796,0.06319673670348057,1.0,155.0,0.0,0.0,0.0,5.44921875,15.275964736938477,,,,,,,,,,,,
pd-collocated-closed-loop-collocated-bf16-graph-concurrency-64-r1,True,ae740739d25f7184c04208f35dcf1b720e624f2a,pd-collocated-closed-loop,closed-loop,collocated-bf16-graph,0,,64,960.0,0.0,896.0,16.0,2048.0,1027.2,3075.2,1098.4841100871563,2018.1730409152806,45.36687062373237,60.31373793643618,31.960036605596542,538.5416224598885,31.960036605596542,538.5416224598885,,,4021.1611222475767,4059.2973189428444,,,57.70786516853933,56.0,64.0,14.933333333333334,,12.0,1449.0,,,,,,,,,,,,,,155.0,0.0,0.0,0.0,5.44921875,15.275964736938477,,,,,,,,,,,,
pd-collocated-closed-loop-pd-b4-shared-graph-concurrency-64-r1,True,ae740739d25f7184c04208f35dcf1b720e624f2a,pd-collocated-closed-loop,closed-loop,pd-b4-shared-graph,0,,64,1728.0,0.0,1664.0,28.8,3686.4,1847.8666666666666,5534.266666666666,136.21493615210056,192.68004601821303,32.95342576882196,34.047314498337016,32.46707655489445,36.895571276545525,32.46707655489445,36.895571276545525,,,2211.8859235197306,2281.8555037863557,,,59.77217962760131,4.0,64.0,27.733333333333334,,12.0,2778.0,135.0837552693681,1.1552268511548964,1.1732909317792761,127.58746324542248,123.5876577671304,3.8389986369329447,7.496292023945634,0.27301731429460263,1.7786623788214175,0.2727475382875059,0.809938142023911,0.06007527891906251,1.0,155.0,0.0,0.0,0.0,5.44921875,15.275964736938477,,,,,,,,,,,,
pd-collocated-closed-loop-collocated-bf16-graph-concurrency-64-r2,True,ae740739d25f7184c04208f35dcf1b720e624f2a,pd-collocated-closed-loop,closed-loop,collocated-bf16-graph,1,,64,960.0,0.0,896.0,16.0,2048.0,1026.1333333333334,3074.133333333333,1100.4307176917791,2017.345341295004,45.385080640987745,60.23455816247161,31.93996287882328,536.4397075027227,31.93996287882328,536.4397075027227,,,4020.591185428202,4053.912727162242,,,57.70196813495782,56.0,64.0,14.933333333333334,,12.0,1449.0,,,,,,,,,,,,,,155.0,0.0,0.0,0.0,5.44921875,15.275964736938477,,,,,,,,,,,,
pd-collocated-closed-loop-pd-b4-shared-graph-concurrency-64-r2,True,ae740739d25f7184c04208f35dcf1b720e624f2a,pd-collocated-closed-loop,closed-loop,pd-b4-shared-graph,1,,64,1736.0,0.0,1672.0,28.933333333333334,3703.4666666666667,1849.6666666666667,5553.133333333333,135.31143963336945,165.7577981799841,32.960784991109186,33.9599661487672,32.50305727124214,36.87168098986149,32.50305727124214,36.87168098986149,,,2209.7630770877004,2281.822528820485,,,59.89254385964912,4.0,64.0,27.866666666666667,,12.0,2780.0,134.48747799298718,1.1397025419013866,1.1586763810592342,127.26670658885043,123.33450852538435,3.7980792206794627,7.220771404136766,0.25329210188581636,1.7163156130543764,0.2741189774931126,0.7905741953645857,0.062765799821999,1.0,155.0,0.0,0.0,0.0,5.44921875,15.275964736938477,,,,,,,,,,,,
pd-collocated-closed-loop-collocated-bf16-graph-concurrency-64-r3,True,ae740739d25f7184c04208f35dcf1b720e624f2a,pd-collocated-closed-loop,closed-loop,collocated-bf16-graph,2,,64,960.0,0.0,896.0,16.0,2048.0,1027.2,3075.2,1100.057965144515,2017.6270240917802,45.35471667195597,60.24030185053273,31.930672004818916,536.5236178040504,31.930672004818916,536.5236178040504,,,4018.4975247830153,4055.2242661826313,,,57.70786516853933,56.0,64.0,14.933333333333334,,12.0,1449.0,,,,,,,,,,,,,,155.0,0.0,0.0,0.0,5.44921875,15.275964736938477,,,,,,,,,,,,
pd-collocated-closed-loop-pd-b4-shared-graph-concurrency-64-r3,True,ae740739d25f7184c04208f35dcf1b720e624f2a,pd-collocated-closed-loop,closed-loop,pd-b4-shared-graph,2,,64,1732.0,0.0,1668.0,28.866666666666667,3694.9333333333334,1847.7333333333333,5542.666666666667,135.65220776945353,189.619955830276,32.960674296768886,34.05843808567003,32.516835257411,36.93521209061146,32.516835257411,36.93521209061146,,,2217.498308978975,2283.0401899293065,,,59.89462129527991,4.0,60.0,27.8,,12.0,2776.0,135.3811124206239,1.1736348683356868,1.18920877517848,127.36006866490636,123.38590621367979,3.8266152149281027,8.021043755717553,0.23235295350863555,1.7596068777538534,0.2617442086803208,0.8406577852331218,0.060260844216725534,1.0,155.0,0.0,0.0,0.0,5.44921875,15.275964736938477,,,,,,,,,,,,
pd-collocated-poisson-collocated-bf16-graph-rate-8-r1,True,ae740739d25f7184c04208f35dcf1b720e624f2a,pd-collocated-poisson,poisson,collocated-bf16-graph,0,8,,96.0,0.0,,6.092884821256206,779.8892571207944,389.9446285603972,1169.8338856811915,66.77189469337463,98.4160042367875,32.852437746311935,40.1314875377076,23.260951042175293,173.02053608000278,23.260951042175293,173.02053608000278,,,2144.3313797935843,2584.4809732399876,,,10.520547945205479,0.0,22.0,6.092884821256206,,12.0,491.0,,,,,,,,,,,,,,155.0,0.0,0.0,0.0,5.44921875,15.275964736938477,,,,,,,,,,,,
pd-collocated-poisson-pd-b4-shared-graph-rate-8-r1,True,ae740739d25f7184c04208f35dcf1b720e624f2a,pd-collocated-poisson,poisson,pd-b4-shared-graph,0,8,,96.0,0.0,,6.085542270393803,778.9494106104067,389.4747053052034,1168.4241159156102,83.27904902398586,363.30807786434883,22.13247390907435,24.308575355699137,22.060727700591087,23.838268592953682,22.060727700591087,23.838268592953682,,,1480.7144924998283,1760.3349225595593,,,8.411682892906814,1.82000000000005,15.0,6.085542270393803,,12.0,719.0,69.35112980533053,0.4968374374915253,0.5044002847915346,55.926394966346294,54.68384726819667,1.1476944624023004,13.424734838984229,0.15466742810200562,0.183737286451188,0.15076038173653863,0.28302124701440334,0.051936219361695374,1.0,155.0,0.0,0.0,0.0,5.44921875,15.275964736938477,,,,,,,,,,,,
pd-collocated-poisson-collocated-bf16-graph-rate-8-r2,True,ae740739d25f7184c04208f35dcf1b720e624f2a,pd-collocated-poisson,poisson,collocated-bf16-graph,1,8,,96.0,0.0,,7.171198792070404,917.9134453850118,458.9567226925059,1376.8701680775177,66.58964231610298,112.63912310823797,35.254319967140276,42.74410858218158,23.558754473924637,177.11907997727394,23.558754473924637,177.11907997727394,,,2281.9232856854796,2747.7055946364994,,,12.934736842105263,0.0,29.0,7.171198792070404,,12.0,390.0,,,,,,,,,,,,,,155.0,0.0,0.0,0.0,5.44921875,15.275964736938477,,,,,,,,,,,,
pd-collocated-poisson-pd-b4-shared-graph-rate-8-r2,True,ae740739d25f7184c04208f35dcf1b720e624f2a,pd-collocated-poisson,poisson,pd-b4-shared-graph,1,8,,96.0,0.0,,7.169384163902388,917.6811729795056,458.8405864897528,1376.5217594692583,88.72461039572954,323.4916839748621,22.381687418572486,24.388719409231154,22.270916029810905,24.80900742113586,22.270916029810905,24.80900742113586,,,1496.84021435678,1739.027566369623,,,10.063227953410982,2.0,19.0,7.169384163902388,,12.0,601.0,71.77699971254225,0.5121991084313687,0.520522924668995,57.27779143202452,55.949395729435814,1.1703908719398357,14.499208280517731,0.16790683622713443,0.1748765324368889,0.15320369030958342,0.29609133891853284,0.05162780943476124,1.0,155.0,0.0,0.0,0.0,5.44921875,15.275964736938477,,,,,,,,,,,,
pd-collocated-poisson-collocated-bf16-graph-rate-8-r3,True,ae740739d25f7184c04208f35dcf1b720e624f2a,pd-collocated-poisson,poisson,collocated-bf16-graph,2,8,,96.0,0.0,,6.136552181855145,785.4786792774586,392.7393396387293,1178.218018916188,62.717157416045666,118.41107066720723,31.98046290448734,36.20534824089162,22.24874496459961,166.94502905011177,22.24874496459961,166.94502905011177,,,2074.2008360102773,2344.880807772279,,,10.378378378378379,0.0,20.0,6.136552181855145,,12.0,503.0,,,,,,,,,,,,,,155.0,0.0,0.0,0.0,5.44921875,15.275964736938477,,,,,,,,,,,,
pd-collocated-poisson-pd-b4-shared-graph-rate-8-r3,True,ae740739d25f7184c04208f35dcf1b720e624f2a,pd-collocated-poisson,poisson,pd-b4-shared-graph,2,8,,96.0,0.0,,6.136695926186912,785.4970785519247,392.74853927596234,1178.2456178278871,83.14578421413898,277.4388813413678,22.028556758803983,23.63176271910705,21.92086074501276,23.931270465254784,21.92086074501276,23.931270465254784,,,1477.5067055597901,1657.3679793626068,,,8.482468443197757,1.0,17.0,6.136695926186912,,12.0,713.0,69.30350713691739,0.4803852589671002,0.4874355008089265,56.232524017781714,55.02917948937,1.1146611339131067,13.07098311913568,0.15696278924858847,0.1866733005573583,0.14291831487139992,0.2759492544587268,0.0503630225741586,1.0,155.0,0.0,0.0,0.0,5.44921875,15.275964736938477,,,,,,,,,,,,
pd-collocated-poisson-collocated-bf16-graph-rate-16-r1,True,ae740739d25f7184c04208f35dcf1b720e624f2a,pd-collocated-poisson,poisson,collocated-bf16-graph,0,16,,96.0,0.0,,10.725602855562796,1372.877165512038,686.438582756019,2059.3157482680567,72.08382431417704,235.5696256272494,62.98413596278618,78.38080252505956,30.665960162878036,283.091364428401,30.665960162878036,283.091364428401,,,4065.9493394196033,5014.456086885184,,,25.077551020408162,0.0,69.0,10.725602855562796,,12.0,166.0,,,,,,,,,,,,,,155.0,0.0,0.0,0.0,5.44921875,15.275964736938477,,,,,,,,,,,,
pd-collocated-poisson-pd-b4-shared-graph-rate-16-r1,True,ae740739d25f7184c04208f35dcf1b720e624f2a,pd-collocated-poisson,poisson,pd-b4-shared-graph,0,16,,96.0,0.0,,11.150872702469075,1427.3117059160415,713.6558529580208,2140.9675588740624,109.50298327952623,442.8543056361378,23.7281701512753,25.146357811218692,23.69214966893196,26.262791827321053,23.69214966893196,26.262791827321053,,,1610.7334466651082,1909.8845009692013,,,16.615384615384617,4.3700000000000045,27.0,11.150872702469075,,12.0,364.0,77.185898487057,0.5632464640906879,0.5761835458023208,61.48664020001888,60.04400875951563,1.3507926038333349,15.699258287038122,0.18476175942591258,0.1848400437406131,0.1747002825140953,0.3227692629609789,0.0540712582213538,1.0,155.0,0.0,0.0,0.0,5.44921875,15.275964736938477,,,,,,,,,,,,
pd-collocated-poisson-collocated-bf16-graph-rate-16-r2,True,ae740739d25f7184c04208f35dcf1b720e624f2a,pd-collocated-poisson,poisson,collocated-bf16-graph,1,16,,96.0,0.0,,12.09424082171494,1548.0628251795124,774.0314125897562,2322.0942377692686,86.54472604393959,215.49543188884851,69.18963472107572,93.9646483103316,40.36721959710121,453.727412968874,40.36721959710121,453.727412968874,,,4424.467783421278,6008.740129414946,,,31.83419689119171,0.0,94.08000000000001,12.09424082171494,,12.0,126.0,,,,,,,,,,,,,,155.0,0.0,0.0,0.0,5.44921875,15.275964736938477,,,,,,,,,,,,
pd-collocated-poisson-pd-b4-shared-graph-rate-16-r2,True,ae740739d25f7184c04208f35dcf1b720e624f2a,pd-collocated-poisson,poisson,pd-b4-shared-graph,1,16,,96.0,0.0,,12.869535742757746,1647.3005750729915,823.6502875364957,2470.950862609487,137.85847090184689,378.06708458811045,24.27298120326466,25.806259897552312,23.88160489499569,32.60071203112602,23.88160489499569,32.60071203112602,,,1689.2149774357677,1939.5506805740295,,,19.82950819672131,4.0,34.0,12.869535742757746,,12.0,305.0,89.48557068678465,0.7845641537146135,0.7990479130636562,70.77727256850763,68.9501668241891,1.7196338285099377,18.70829811827703,0.20840493115511807,0.19597905603322116,0.24451694705269553,0.4542470316995274,0.07265328683636406,1.0,155.0,0.0,0.0,0.0,5.44921875,15.275964736938477,,,,,,,,,,,,
pd-collocated-poisson-collocated-bf16-graph-rate-16-r3,True,ae740739d25f7184c04208f35dcf1b720e624f2a,pd-collocated-poisson,poisson,collocated-bf16-graph,2,16,,96.0,0.0,,10.795473609448496,1381.8206220094075,690.9103110047038,2072.7309330141115,74.14086069911718,169.01922840625045,57.6981950906061,70.00912025511737,30.307773500680923,259.50913690030575,30.307773500680923,259.50913690030575,,,3705.9240713715553,4461.086230631918,,,25.077551020408162,0.0,58.0,10.795473609448496,,12.0,170.0,,,,,,,,,,,,,,155.0,0.0,0.0,0.0,5.44921875,15.275964736938477,,,,,,,,,,,,
pd-collocated-poisson-pd-b4-shared-graph-rate-16-r3,True,ae740739d25f7184c04208f35dcf1b720e624f2a,pd-collocated-poisson,poisson,pd-b4-shared-graph,2,16,,96.0,0.0,,11.178693689361339,1430.8727922382513,715.4363961191257,2146.309188357377,114.73349295556545,354.999240860343,23.5610335680937,24.681469849828215,23.52159656584263,26.32158063352108,23.52159656584263,26.32158063352108,,,1598.030618391931,1809.3501372262836,,,16.66115702479339,3.3799999999999955,28.0,11.178693689361339,,12.0,363.0,81.12919511040673,0.59664630680345,0.6085255299694836,64.83444417244755,63.28254993422888,1.4629265933763236,16.29475093795918,0.1787797373253852,0.18091639503836632,0.17577665857970715,0.3534944262355566,0.0560549960937351,1.0,155.0,0.0,0.0,0.0,5.44921875,15.275964736938477,,,,,,,,,,,,
pd-collocated-poisson-collocated-bf16-graph-rate-24-r1,True,ae740739d25f7184c04208f35dcf1b720e624f2a,pd-collocated-poisson,poisson,collocated-bf16-graph,0,24,,96.0,0.0,,13.430468752213143,1719.1000002832823,859.5500001416411,2578.6500004249237,90.0720776990056,346.9397569075226,68.96046172117903,96.0813634408017,40.83199426531792,600.5063634365797,40.83199426531792,600.5063634365797,,,4443.185445852578,6108.902924135328,,,38.64150943396226,0.0,96.0,13.430468752213143,,12.0,96.0,,,,,,,,,,,,,,155.0,0.0,0.0,0.0,5.44921875,15.275964736938477,,,,,,,,,,,,
pd-collocated-poisson-pd-b4-shared-graph-rate-24-r1,True,ae740739d25f7184c04208f35dcf1b720e624f2a,pd-collocated-poisson,poisson,pd-b4-shared-graph,0,24,,96.0,0.0,,15.171618084043427,1941.9671147575586,970.9835573787793,2912.9506721363377,161.7497755214572,374.00297774001956,27.716373965617212,30.720395327264832,29.916711151599884,33.787429332733154,29.916711151599884,33.787429332733154,,,1882.4567208066583,2147.939301840961,,,25.41176470588235,6.0,43.0,15.171618084043427,,12.0,238.0,91.05978449996637,0.713264987784989,0.729682380143477,77.50406462166991,75.47953975748042,1.9141349333281419,13.555719878296463,0.2295624236671292,0.21573057284160535,0.21223393173850313,0.43135748377868105,0.057895724870720686,1.0,155.0,0.0,0.0,0.0,5.44921875,15.275964736938477,,,,,,,,,,,,
pd-collocated-poisson-collocated-bf16-graph-rate-24-r2,True,ae740739d25f7184c04208f35dcf1b720e624f2a,pd-collocated-poisson,poisson,collocated-bf16-graph,1,24,,96.0,0.0,,14.86677221407257,1902.946843401289,951.4734217006445,2854.4202651019336,127.86151468753815,350.5583263933658,68.58311362919353,96.21702413562507,40.89835099875927,744.6010243147612,40.89835099875927,744.6010243147612,,,4389.514664188027,6154.24300506711,,,49.54838709677419,0.0,96.0,14.86677221407257,,12.0,75.0,,,,,,,,,,,,,,155.0,0.0,0.0,0.0,5.44921875,15.275964736938477,,,,,,,,,,,,
pd-collocated-poisson-pd-b4-shared-graph-rate-24-r2,True,ae740739d25f7184c04208f35dcf1b720e624f2a,pd-collocated-poisson,poisson,pd-b4-shared-graph,1,24,,96.0,0.0,,17.06955654891887,2184.9032382616156,1092.4516191308078,3277.3548573924236,210.22548526525497,514.9168006144463,29.82900309420767,30.84227161127187,30.243881046772003,33.78603234887123,30.243881046772003,33.78603234887123,,,2117.716711014509,2456.1813936568797,,,29.79310344827586,11.0,54.0,17.06955654891887,,12.0,203.0,106.03592946733299,0.8777033439592311,0.899210670276692,90.69441077544501,88.13865144590014,2.4275132700016626,15.34151869188798,0.2448602432483121,0.21500841371322932,0.24680504085201965,0.5479397644337854,0.06913839790381883,1.0,155.0,0.0,0.0,0.0,5.44921875,15.275964736938477,,,,,,,,,,,,
pd-collocated-poisson-collocated-bf16-graph-rate-24-r3,True,ae740739d25f7184c04208f35dcf1b720e624f2a,pd-collocated-poisson,poisson,collocated-bf16-graph,2,24,,96.0,0.0,,13.495259421755685,1727.3932059847277,863.6966029923639,2591.0898089770917,95.24409379810095,241.07454400509585,66.66802681450334,93.14372316150674,40.8712737262249,583.8727615773678,40.8712737262249,583.8727615773678,,,4291.912999004126,5919.1272160969675,,,39.63870967741936,0.0,96.0,13.495259421755685,,12.0,99.0,,,,,,,,,,,,,,155.0,0.0,0.0,0.0,5.44921875,15.275964736938477,,,,,,,,,,,,
pd-collocated-poisson-pd-b4-shared-graph-rate-24-r3,True,ae740739d25f7184c04208f35dcf1b720e624f2a,pd-collocated-poisson,poisson,pd-b4-shared-graph,2,24,,96.0,0.0,,14.922687062113718,1910.103943950556,955.051971975278,2865.155915925834,155.27246613055468,415.7520254142581,28.678170952295503,30.09407537885838,29.94857355952263,33.5231889039278,29.94857355952263,33.5231889039278,,,1926.620633341372,2210.269683133811,,,25.627118644067796,7.650000000000006,40.0,14.922687062113718,,12.0,236.0,91.37053692594488,0.7250631981073542,0.7420665326904743,78.30811295896135,76.21290538697801,1.9870122617229502,13.062423966983532,0.2235045775454095,0.2016681543690093,0.2145223081746,0.4419353097043139,0.056527237942878235,1.0,155.0,0.0,0.0,0.0,5.44921875,15.275964736938477,,,,,,,,,,,,
pd-collocated-poisson-collocated-bf16-graph-rate-28-r1,True,ae740739d25f7184c04208f35dcf1b720e624f2a,pd-collocated-poisson,poisson,collocated-bf16-graph,0,28,,96.0,0.0,,14.565267048845831,1864.3541822522664,932.1770911261332,2796.5312733783994,113.39272651821375,369.0435105003416,68.75510969095761,96.66911506256649,40.8883485943079,663.4656526148319,40.8883485943079,663.4656526148319,,,4462.014890275896,6144.085748400538,,,47.627906976744185,0.0,96.0,14.565267048845831,,12.0,77.0,,,,,,,,,,,,,,155.0,0.0,0.0,0.0,5.44921875,15.275964736938477,,,,,,,,,,,,
pd-collocated-poisson-pd-b4-shared-graph-rate-28-r1,True,ae740739d25f7184c04208f35dcf1b720e624f2a,pd-collocated-poisson,poisson,pd-b4-shared-graph,0,28,,96.0,0.0,,16.811524249452102,2151.875103929869,1075.9375519649345,3227.812655894804,170.10534461587667,402.58673662319774,29.22521385231188,30.805657292524025,30.05211427807808,33.74066390097141,30.05211427807808,33.74066390097141,,,2045.1741693541408,2181.5941118635237,,,29.217391304347824,7.0,51.0,16.811524249452102,,12.0,207.0,101.0787779930979,0.8104663342237473,0.8282449562102556,88.69641753844917,86.25485459342599,2.3131364956498146,12.382360454648733,0.23635700345039368,0.21287496201694012,0.22620996460318565,0.5152835510671139,0.05706599913537502,1.0,155.0,0.0,0.0,0.0,5.44921875,15.275964736938477,,,,,,,,,,,,
pd-collocated-poisson-collocated-bf16-graph-rate-28-r2,True,ae740739d25f7184c04208f35dcf1b720e624f2a,pd-collocated-poisson,poisson,collocated-bf16-graph,1,28,,96.0,0.0,,15.971907623948551,2044.4041758654146,1022.2020879327073,3066.6062637981217,179.51248679310083,425.2592529170215,67.73026587648523,92.78797348665577,40.77955707907677,593.0089857429266,40.77955707907677,593.0089857429266,,,4374.994701705873,5939.9903054349115,,,59.650485436893206,0.0,96.0,15.971907623948551,,12.0,66.0,,,,,,,,,,,,,,155.0,0.0,0.0,0.0,5.44921875,15.275964736938477,,,,,,,,,,,,
pd-collocated-poisson-pd-b4-shared-graph-rate-28-r2,True,ae740739d25f7184c04208f35dcf1b720e624f2a,pd-collocated-poisson,poisson,pd-b4-shared-graph,1,28,,96.0,0.0,,18.510733190070205,2369.3738483289862,1184.6869241644931,3554.0607724934794,394.3748502060771,657.2644526138901,29.848767001004443,31.088043843942973,30.27275949716568,34.14228558540344,30.27275949716568,34.14228558540344,,,2270.4953849315643,2615.4235523194075,,,32.869565217391305,14.169999999999987,60.0,18.510733190070205,,12.0,184.0,130.28124533593655,1.0911818869687893,1.1117590798272028,117.61462467688101,114.0015970363661,3.448742062405304,12.666620659055534,0.2888234125243293,0.2728329488524684,0.2739154906184585,0.743333802179054,0.061600641519935044,1.0,155.0,0.0,0.0,0.0,5.44921875,15.275964736938477,,,,,,,,,,,,
pd-collocated-poisson-collocated-bf16-graph-rate-28-r3,True,ae740739d25f7184c04208f35dcf1b720e624f2a,pd-collocated-poisson,poisson,collocated-bf16-graph,2,28,,96.0,0.0,,14.532335801771529,1860.1389826267557,930.0694913133779,2790.2084739401334,107.81024023890495,315.32103233039373,66.57488802300085,92.85791892085284,40.878333151340485,557.4274268001318,40.878333151340485,557.4274268001318,,,4280.9818387031555,5900.905743334442,,,46.19548872180451,0.0,96.0,14.532335801771529,,12.0,84.0,,,,,,,,,,,,,,155.0,0.0,0.0,0.0,5.44921875,15.275964736938477,,,,,,,,,,,,
pd-collocated-poisson-pd-b4-shared-graph-rate-28-r3,True,ae740739d25f7184c04208f35dcf1b720e624f2a,pd-collocated-poisson,poisson,pd-b4-shared-graph,2,28,,96.0,0.0,,16.42102287812106,2101.890928399496,1050.945464199748,3152.8363925992435,196.764568798244,496.1861426010726,29.90767585911921,31.07537152097812,30.402222648262978,34.126704558730125,30.402222648262978,34.126704558730125,,,2089.55230563879,2383.547917380929,,,29.076923076923077,10.0,47.0,16.42102287812106,,12.0,208.0,110.14073001486915,0.9029123399938855,0.9208754769393376,94.74003501236439,91.97089145226138,2.6440574122326717,15.400695002504758,0.2388098942381995,0.2283809972660882,0.23755377956799098,0.5925499434982028,0.060783752373286655,1.0,155.0,0.0,0.0,0.0,5.44921875,15.275964736938477,,,,,,,,,,,,
