point_id,complete,git_commit,experiment,arrival,variant,run,request_rate,max_concurrency,completed,failed,latency_sample_requests,request_throughput_rps,input_throughput_tps,output_throughput_tps,total_throughput_tps,ttft_p50_ms,ttft_p99_ms,tpot_p50_ms,tpot_p99_ms,burst_itl_p50_ms,burst_itl_p99_ms,output_event_latency_p50_ms,output_event_latency_p99_ms,speculative_step_latency_p50_ms,speculative_step_latency_p99_ms,e2e_p50_ms,e2e_p99_ms,acceptance_rate,acceptance_length,scheduled_batch_size_mean,waiting_queue_size_p99,running_queue_size_p99,goodput_rps,speculative_batch_size_mean,kv_total_blocks,kv_peak_reserved_blocks,kv_preemptions,kv_admission_deferrals,kv_cache_gib,model_runtime_gib,short_ttft_p50_ms,short_ttft_p99_ms,short_tpot_p50_ms,short_tpot_p99_ms,short_e2e_p50_ms,short_e2e_p99_ms,long_ttft_p50_ms,long_ttft_p99_ms,long_tpot_p50_ms,long_tpot_p99_ms,long_e2e_p50_ms,long_e2e_p99_ms
eagle-target-verify-graph-eagle-graph-concurrency-1-r1,True,3bb5d21ad5fd9ae0044943d93255a4542cc5ca75,eagle-target-verify-graph,closed-loop,eagle-graph,0,,1,36.0,0.0,35.0,0.6,76.8,77.5,154.3,52.52445675432682,54.63344320654869,13.377210961317454,25.6252320409994,0.0,56.24409407377244,28.16857025027275,67.53898113965988,28.13033200800419,67.51531511545181,1751.7770547419786,3306.586274616415,0.4369252125629013,2.3138990109318063,1.0,0.0,1.0,,1.0,96.0,0.0,0.0,0.0,3.375,15.275964736938477,,,,,,,,,,,,
eagle-target-verify-graph-eagle-eager-concurrency-1-r1,True,3bb5d21ad5fd9ae0044943d93255a4542cc5ca75,eagle-target-verify-graph,closed-loop,eagle-eager,0,,1,20.0,0.0,19.0,0.3333333333333333,42.666666666666664,41.666666666666664,84.33333333333333,52.8473686426878,53.352969251573086,25.75952634508685,32.20461775702754,0.0,58.27246777713299,55.95538206398487,95.99498942494392,55.918602272868156,95.97254693508148,3324.251849204302,4142.361894696951,0.46859421734795614,2.4057826520438685,1.0,0.0,1.0,,1.0,96.0,0.0,0.0,0.0,3.375,15.275964736938477,,,,,,,,,,,,
eagle-target-verify-graph-eagle-graph-concurrency-1-r2,True,3bb5d21ad5fd9ae0044943d93255a4542cc5ca75,eagle-target-verify-graph,closed-loop,eagle-graph,1,,1,29.0,0.0,28.0,0.48333333333333334,61.86666666666667,62.1,123.96666666666667,54.32652123272419,75.05920203402638,15.125506814187904,32.96242118263104,0.0,57.674287445843184,30.975863337516785,69.29093301296233,30.946334823966026,69.271395355463,1974.613068625331,4242.926443386823,0.34788435764886083,2.0425043078690406,1.0,0.0,1.0,,1.0,96.0,0.0,0.0,0.0,3.375,15.275964736938477,,,,,,,,,,,,
eagle-target-verify-graph-eagle-eager-concurrency-1-r2,True,3bb5d21ad5fd9ae0044943d93255a4542cc5ca75,eagle-target-verify-graph,closed-loop,eagle-eager,1,,1,18.0,0.0,17.0,0.3,38.4,39.25,77.65,51.87182314693928,53.7040127068758,26.93001573949348,32.86876408075254,0.0,58.38047798722985,55.09095452725887,94.40663430839777,55.04845455288887,94.3818997964263,3474.0539584308863,4226.189896836877,0.41606092073381795,2.241952232606438,1.0,0.0,1.0,,1.0,96.0,0.0,0.0,0.0,3.375,15.275964736938477,,,,,,,,,,,,
eagle-target-verify-graph-eagle-graph-concurrency-1-r3,True,3bb5d21ad5fd9ae0044943d93255a4542cc5ca75,eagle-target-verify-graph,closed-loop,eagle-graph,2,,1,33.0,0.0,32.0,0.55,70.4,68.65,139.05,54.4249527156353,68.71930262073876,15.038682309191996,25.926222687543156,0.0,57.76199039071796,30.087411403656006,69.22236174345018,30.059752985835075,69.20102365314962,1966.1438073962927,3346.0727266967315,0.3979132937578701,2.1932002158661628,1.0,0.0,1.0,,1.0,96.0,0.0,0.0,0.0,3.375,15.275964736938477,,,,,,,,,,,,
eagle-target-verify-graph-eagle-eager-concurrency-1-r3,True,3bb5d21ad5fd9ae0044943d93255a4542cc5ca75,eagle-target-verify-graph,closed-loop,eagle-eager,2,,1,17.0,0.0,16.0,0.2833333333333333,36.266666666666666,36.18333333333333,72.45,53.45807317644358,54.05969982966781,28.855208806165557,53.130942954146484,0.0,59.17074555531145,56.45047128200531,96.49586560204625,56.41750432550907,96.47564109414816,3718.3584859594703,6800.8945520967245,0.3501683501683502,2.0525252525252524,1.0,0.0,1.0,,1.0,96.0,0.0,0.0,0.0,3.375,15.275964736938477,,,,,,,,,,,,
eagle-target-verify-graph-eagle-graph-concurrency-4-r1,True,3bb5d21ad5fd9ae0044943d93255a4542cc5ca75,eagle-target-verify-graph,closed-loop,eagle-graph,0,,4,102.0,0.0,98.0,1.7,217.6,216.76666666666668,434.3666666666667,54.948169738054276,91.44930435344577,18.89003213407017,40.59994539407295,0.0,129.64520417153835,33.461568877100945,130.84202259778976,33.39765965938568,75.32119005918503,2453.432561829686,5210.760339330882,0.4141559925431475,2.2453545011726503,3.8099547511312215,0.0,4.0,,4.0,96.0,0.0,0.0,0.0,3.375,15.275964736938477,,,,,,,,,,,,
eagle-target-verify-graph-eagle-eager-concurrency-4-r1,True,3bb5d21ad5fd9ae0044943d93255a4542cc5ca75,eagle-target-verify-graph,closed-loop,eagle-eager,0,,4,67.0,0.0,63.0,1.1166666666666667,142.93333333333334,141.5,284.43333333333334,53.73789556324482,76.91968105733395,30.11621357359755,64.97904091193452,0.0,153.83757837116718,59.140292927622795,155.08314780890942,59.068542905151844,100.88261775672436,3878.9341878145933,8305.735489912331,0.436897880539499,2.3124277456647397,3.8008213552361396,0.0,4.0,,4.0,96.0,0.0,0.0,0.0,3.375,15.275964736938477,,,,,,,,,,,,
eagle-target-verify-graph-eagle-graph-concurrency-4-r2,True,3bb5d21ad5fd9ae0044943d93255a4542cc5ca75,eagle-target-verify-graph,closed-loop,eagle-graph,1,,4,100.0,0.0,96.0,1.6666666666666667,213.33333333333334,214.06666666666666,427.4,55.02847861498594,85.64015636220574,18.43338255132512,41.47229528303925,0.0,129.53104224056005,33.35137665271759,130.99119998514652,33.28186459839344,75.5493694543838,2396.013987250626,5325.331268273294,0.4017727930535456,2.2054992764109986,3.8082901554404147,0.0,4.0,,4.0,96.0,0.0,0.0,0.0,3.375,15.275964736938477,,,,,,,,,,,,
eagle-target-verify-graph-eagle-eager-concurrency-4-r2,True,3bb5d21ad5fd9ae0044943d93255a4542cc5ca75,eagle-target-verify-graph,closed-loop,eagle-eager,1,,4,63.0,0.0,59.0,1.05,134.4,132.63333333333333,267.03333333333336,54.28604409098625,80.373993255198,30.09887456189929,64.98706898908682,0.0,155.3732566535473,59.84658561646938,156.11478686332703,59.78080257773399,101.68922971934083,3876.8082223832607,8307.342963665724,0.3988077787550083,2.1967165054236295,3.8078920041536866,0.0,4.0,,4.0,96.0,0.0,0.0,0.0,3.375,15.275964736938477,,,,,,,,,,,,
eagle-target-verify-graph-eagle-graph-concurrency-4-r3,True,3bb5d21ad5fd9ae0044943d93255a4542cc5ca75,eagle-target-verify-graph,closed-loop,eagle-graph,2,,4,103.0,0.0,99.0,1.7166666666666666,219.73333333333332,222.78333333333333,442.51666666666665,55.35412020981312,92.29295969009401,17.253062108487594,39.23286741438109,0.0,129.94101271033287,33.17417949438095,131.07281737029552,33.11555087566376,75.76164230704308,2246.279925107956,5037.533017769455,0.43621700879765396,2.3044354838709675,3.81426735218509,0.0,4.0,,4.0,96.0,0.0,0.0,0.0,3.375,15.275964736938477,,,,,,,,,,,,
eagle-target-verify-graph-eagle-eager-concurrency-4-r3,True,3bb5d21ad5fd9ae0044943d93255a4542cc5ca75,eagle-target-verify-graph,closed-loop,eagle-eager,2,,4,68.0,0.0,64.0,1.1333333333333333,145.06666666666666,145.31666666666666,290.3833333333333,53.43269556760788,80.73271375149488,26.296797208487988,50.73522957921844,0.0,152.5627999007702,58.57066065073013,153.18356826901436,58.50762315094471,99.68459233641624,3392.7768971771,6496.82613577693,0.448636712749616,2.3410138248847927,3.807731434384537,0.0,4.0,,4.0,96.0,0.0,0.0,0.0,3.375,15.275964736938477,,,,,,,,,,,,
eagle-target-verify-graph-eagle-graph-concurrency-8-r1,True,3bb5d21ad5fd9ae0044943d93255a4542cc5ca75,eagle-target-verify-graph,closed-loop,eagle-graph,0,,8,160.0,0.0,152.0,2.6666666666666665,341.3333333333333,340.3,681.6333333333333,53.87573316693306,125.88067520409824,24.30622930103165,51.432191775451734,0.0,133.69813561439514,37.516187876462936,157.1527887135744,37.41290047764778,102.02882438898087,3140.3787042945623,6586.268868092448,0.41530881440099315,2.2467411545623834,7.190031152647975,0.0,8.0,,8.0,96.0,0.0,0.0,0.0,3.375,15.275964736938477,,,,,,,,,,,,
eagle-target-verify-graph-eagle-eager-concurrency-8-r1,True,3bb5d21ad5fd9ae0044943d93255a4542cc5ca75,eagle-target-verify-graph,closed-loop,eagle-eager,0,,8,110.0,0.0,102.0,1.8333333333333333,234.66666666666666,234.65,469.31666666666666,53.67329157888889,124.1912797652185,35.836928025416036,75.12555238710145,0.0,158.933652061969,62.90808133780956,160.9940640628338,62.806107103824615,106.8576769530773,4607.154058292508,9594.750265311448,0.4055936073059361,2.2181506849315067,7.177455357142857,0.0,8.0,,8.0,96.0,0.0,0.0,0.0,3.375,15.275964736938477,,,,,,,,,,,,
eagle-target-verify-graph-eagle-graph-concurrency-8-r2,True,3bb5d21ad5fd9ae0044943d93255a4542cc5ca75,eagle-target-verify-graph,closed-loop,eagle-graph,1,,8,160.0,0.0,152.0,2.6666666666666665,341.3333333333333,341.73333333333335,683.0666666666667,53.406935185194016,86.82755790650845,21.976763954547444,51.13558842323898,0.0,131.98878057301044,37.421634420752525,155.21018765866756,37.31619752943516,82.78876729309559,2844.429654069245,6547.311487887056,0.4304714404465028,2.2923643272770455,7.173611111111111,0.0,8.0,,8.0,96.0,0.0,0.0,0.0,3.375,15.275964736938477,,,,,,,,,,,,
eagle-target-verify-graph-eagle-eager-concurrency-8-r2,True,3bb5d21ad5fd9ae0044943d93255a4542cc5ca75,eagle-target-verify-graph,closed-loop,eagle-eager,1,,8,112.0,0.0,104.0,1.8666666666666667,238.93333333333334,237.96666666666667,476.9,52.891526371240616,81.11178260296582,34.19554135285494,73.90829999469162,0.0,155.61497060582045,61.96824088692665,156.30082413554192,61.86883710324764,102.92561542242767,4410.057445988059,9439.131254088134,0.40268718291799077,2.209065061046998,7.185995623632385,0.0,8.0,,8.0,96.0,0.0,0.0,0.0,3.375,15.275964736938477,,,,,,,,,,,,
eagle-target-verify-graph-eagle-graph-concurrency-8-r3,True,3bb5d21ad5fd9ae0044943d93255a4542cc5ca75,eagle-target-verify-graph,closed-loop,eagle-graph,2,,8,164.0,0.0,156.0,2.7333333333333334,349.8666666666667,345.7,695.5666666666667,53.80945559591055,139.50050016865134,21.425931523810693,52.2783242188042,0.0,133.3734691143036,37.78777830302715,157.54753723740578,37.69591636955738,102.00787708163261,2775.0286078080535,6693.036794196814,0.43351929335192935,2.302649930264993,7.173981191222571,0.0,8.0,,8.0,96.0,0.0,0.0,0.0,3.375,15.275964736938477,,,,,,,,,,,,
eagle-target-verify-graph-eagle-eager-concurrency-8-r3,True,3bb5d21ad5fd9ae0044943d93255a4542cc5ca75,eagle-target-verify-graph,closed-loop,eagle-eager,2,,8,119.0,0.0,111.0,1.9833333333333334,253.86666666666667,251.88333333333333,505.75,52.004387602210045,81.80590346455574,29.07786455269404,68.85925384869033,0.0,153.02107855677605,60.56481972336769,153.54940108954906,60.46333722770214,103.7226915359497,3745.7145620137453,8797.054706327632,0.44269972451790635,2.3300826446280993,7.163616792249731,0.0,8.0,,8.0,96.0,0.0,0.0,0.0,3.375,15.275964736938477,,,,,,,,,,,,
